submitted_utc,slug,public,private,selected
2026-09-20T07:57,v0001 baseline,0.947,0.914,False
2026-09-21T20:30,biohub-b01-base,0.946,0.914,False
2026-09-21T20:30,biohub-infer,0.945,0.912,False
2026-09-21T20:58,biohub-b01-base,0.946,0.914,False
2026-09-21T20:59,biohub-b01-div10,0.941,0.915,False
2026-09-21T20:59,biohub-infer,0.945,0.912,False
2026-09-22T00:06,biohub-b01-div45,0.941,0.905,False
2026-09-22T00:07,biohub-b01-tight55,0.946,0.912,False
2026-09-22T07:44,biohub-b02-det960,0.946,0.913,False
2026-09-22T07:46,biohub-b02-det970,0.945,0.912,False
2026-09-22T10:49,biohub-b02-ilpdiv15,0.946,0.912,False
2026-09-23T15:42,biohub-b03-bonus25,0.945,0.912,False
2026-09-23T16:13,biohub-b03-bonus50,0.946,0.913,False
2026-09-23T16:44,biohub-b03-norelink,0.946,0.910,False
2026-09-24T01:31,biohub-b04-glight,0.947,0.918,False
2026-09-24T08:53,biohub-b05-gbase,0.946,0.914,False
2026-09-24T08:53,biohub-b05-gedge,0.946,0.913,False
2026-09-24T09:34,biohub-b06-gnoleaf,0.947,0.918,False
2026-09-24T09:34,biohub-b06-ivel,0.946,0.913,False
2026-09-25T00:03,biohub-b08-kcombo,0.953,0.922,False
2026-09-25T00:03,biohub-b08-kdiv,0.953,0.922,False
2026-09-25T00:03,biohub-k953,0.953,0.917,True
2026-09-25T07:22,biohub-b09-kgain05,0.945,0.918,False
2026-09-25T07:22,biohub-b09-kgain15,0.949,0.915,False
2026-09-26T12:15,biohub-b10-khead,0.943,0.914,False
2026-09-27T01:03,biohub-b11-khead4,0.953,0.924,True
2026-09-27T09:03,biohub-b12-khead4combo,0.953,0.929,False
2026-09-28T01:03,biohub-b13-bonus075,0.953,0.925,False
2026-09-28T01:03,biohub-b13-secetta10,0.953,0.924,False
2026-09-28T05:03,biohub-b14-headens5,0.951,0.924,False
2026-09-28T20:43,biohub-b15-shift125f,0.948,0.923,False
2026-09-28T20:43,biohub-b15-shift150f,0.947,0.919,False
2026-09-29T03:01,biohub-b16-shift080,0.951,0.923,False
2026-09-29T03:01,biohub-b16-shift200,0.930,0.892,False
2026-09-29T03:01,biohub-b17-s125bonus075,0.949,0.923,False
2026-09-29T03:01,biohub-b17-s125secetta,0.948,0.923,False
2026-09-29T04:36,biohub-b18-s150secetta,0.947,0.919,False
