config,adjusted_edge_jaccard,division_jaccard,proxy_score,div_tp,div_fp,div_fn,missed_gt_nodes,spurious_pred_nodes,edges_recovered,edges_fragmented,edges_lost_to_detection,wrong_association_edges,n_samples,seconds,prefix_proxy,overrides
combo(t55_leaf030+tight55+t55_divwide+t55_dcsd015+t55_dcsd010+vel025),0.9299624186164244,0.23076923076923078,0.9530393416933475,3,1,9,64,182956,5542,128,81,0,8,453.20771503448486,"{""44b6"": 0.9594304748908495, ""6bba"": 0.9461386182877836}","{""DEEPCENTER_SAFE_DIV_THRESHOLD"": 0.15, ""LEAF_PRUNE_MIN_EDGE_PROB"": 0.3, ""MOTION_RELINK_TIGHT_UM"": 5.5, ""MOTION_RELINK_VELOCITY_WEIGHT"": 0.25, ""SAFE_DIV_EXISTING_CHILD_MAX_UM"": 12.0, ""SAFE_DIV_MAX_UM"": 11.0, ""SAFE_DIV_SISTER_MAX_UM"": 16.0}"
t55_leaf030,0.9283641117508774,0.23076923076923078,0.9514410348278005,3,1,9,63,182905,5539,133,79,0,8,432.8476650714874,"{""44b6"": 0.9557391506167575, ""6bba"": 0.9452792898160453}","{""LEAF_PRUNE_MIN_EDGE_PROB"": 0.3, ""MOTION_RELINK_TIGHT_UM"": 5.5}"
tight55,0.9280184916869556,0.23076923076923078,0.9510954147638787,3,1,9,63,182971,5539,133,79,0,8,430.03213596343994,"{""44b6"": 0.955119181030809, ""6bba"": 0.9450315056946966}","{""MOTION_RELINK_TIGHT_UM"": 5.5}"
t55_divwide,0.9280162368612985,0.23076923076923078,0.9510931599382216,3,1,9,63,182981,5539,133,79,0,8,444.0901527404785,"{""44b6"": 0.9551150847829982, ""6bba"": 0.9450298951177281}","{""MOTION_RELINK_TIGHT_UM"": 5.5, ""SAFE_DIV_EXISTING_CHILD_MAX_UM"": 12.0, ""SAFE_DIV_MAX_UM"": 11.0, ""SAFE_DIV_SISTER_MAX_UM"": 16.0}"
t55_dcsd015,0.9280157999697154,0.23076923076923078,0.9510927230466385,3,1,9,63,182992,5539,133,79,0,8,432.4583783149719,"{""44b6"": 0.9551087957197044, ""6bba"": 0.9450315056946966}","{""DEEPCENTER_SAFE_DIV_THRESHOLD"": 0.15, ""MOTION_RELINK_TIGHT_UM"": 5.5}"
t55_dcsd010,0.9280130194299727,0.23076923076923078,0.9510899425068958,3,1,9,63,183013,5539,133,79,0,8,433.3972828388214,"{""44b6"": 0.9551026711368779, ""6bba"": 0.9450298951177281}","{""DEEPCENTER_SAFE_DIV_THRESHOLD"": 0.1, ""MOTION_RELINK_TIGHT_UM"": 5.5}"
vel025,0.9274179713073902,0.23076923076923078,0.9504948943843133,3,1,9,63,182959,5538,134,79,0,8,434.46992111206055,"{""44b6"": 0.9570336919611463, ""6bba"": 0.9435422975822558}","{""MOTION_RELINK_VELOCITY_WEIGHT"": 0.25}"
leaf030,0.926310240094912,0.23076923076923078,0.9493871631718351,3,1,9,63,182888,5535,137,79,0,8,433.72740364074707,"{""44b6"": 0.9539578212932709, ""6bba"": 0.9431288592752246}","{""LEAF_PRUNE_MIN_EDGE_PROB"": 0.3}"
leaf040,0.926310240094912,0.23076923076923078,0.9493871631718351,3,1,9,63,182888,5535,137,79,0,8,431.4090168476105,"{""44b6"": 0.9539578212932709, ""6bba"": 0.9431288592752246}","{""LEAF_PRUNE_MIN_EDGE_PROB"": 0.4}"
gap45,0.925981636323457,0.23076923076923078,0.9490585594003801,3,1,9,63,182899,5535,137,79,0,8,407.80069947242737,"{""44b6"": 0.9533712986765782, ""6bba"": 0.942892274339043}","{""GAP_CLOSE_UM"": 4.5}"
dcgap035,0.925979105173524,0.23076923076923078,0.9490560282504471,3,1,9,63,182878,5535,137,79,0,8,433.67151165008545,"{""44b6"": 0.9533780719833335, ""6bba"": 0.942886488828162}","{""DEEPCENTER_GAP_THRESHOLD"": 0.35}"
bonus125,0.9259695644871152,0.23076923076923078,0.9490464875640383,3,1,9,63,182961,5535,137,79,0,8,426.92052125930786,"{""44b6"": 0.9533449021556653, ""6bba"": 0.9428852127569943}","{""MOTION_RELINK_LEARNED_BONUS"": 1.25}"
base,0.9259611085554402,0.23076923076923078,0.9490380316323633,3,1,9,63,182965,5535,137,79,0,8,428.90420961380005,"{""44b6"": 0.9533325037779671, ""6bba"": 0.9428781357497218}",{}
gap2step40,0.9259611085554402,0.23076923076923078,0.9490380316323633,3,1,9,63,182965,5535,137,79,0,8,427.15056443214417,"{""44b6"": 0.9533325037779671, ""6bba"": 0.9428781357497218}","{""GAP2_MAX_STEP_UM"": 4.0}"
reuse28,0.9259611085554402,0.23076923076923078,0.9490380316323633,3,1,9,63,182965,5535,137,79,0,8,427.4609386920929,"{""44b6"": 0.9533325037779671, ""6bba"": 0.9428781357497218}","{""GAP_CLOSE_REUSE_UM"": 2.8}"
rescue085,0.9259611085554402,0.23076923076923078,0.9490380316323633,3,1,9,63,182965,5535,137,79,0,8,432.45873618125916,"{""44b6"": 0.9533325037779671, ""6bba"": 0.9428781357497218}","{""SHORT_TRACK_RESCUE_MIN_MEAN_EDGE_PROB"": 0.85}"
divwide,0.9259596091420779,0.23076923076923078,0.949036532219001,3,1,9,63,182972,5535,137,79,0,8,451.0790071487427,"{""44b6"": 0.953326717431806, ""6bba"": 0.9428781357497218}","{""SAFE_DIV_EXISTING_CHILD_MAX_UM"": 12.0, ""SAFE_DIV_MAX_UM"": 11.0, ""SAFE_DIV_SISTER_MAX_UM"": 16.0}"
dcsd015,0.9259581797612447,0.23076923076923078,0.9490351028381678,3,1,9,63,182982,5535,137,79,0,8,432.138680934906,"{""44b6"": 0.953321201346313, ""6bba"": 0.9428781357497218}","{""DEEPCENTER_SAFE_DIV_THRESHOLD"": 0.15}"
dcsd010,0.9259554107616845,0.23076923076923078,0.9490323338386076,3,1,9,63,183003,5535,137,79,0,8,431.9355847835541,"{""44b6"": 0.9533150981011518, ""6bba"": 0.9428765329481505}","{""DEEPCENTER_SAFE_DIV_THRESHOLD"": 0.1}"
sym075,0.9259541359666521,0.23076923076923078,0.9490310590435752,3,1,9,63,182984,5535,137,79,0,8,431.86627984046936,"{""44b6"": 0.9533193700892574, ""6bba"": 0.9428733180898732}","{""SAFE_DIV_SISTER_SYMMETRY_TAU"": 0.75}"
dcgap018,0.9257929703529824,0.23076923076923078,0.9488698934299055,3,1,9,63,183045,5535,137,79,0,8,432.21015882492065,"{""44b6"": 0.9527122707806585, ""6bba"": 0.9428710679975837}","{""DEEPCENTER_GAP_THRESHOLD"": 0.18}"
vel075,0.9253231747990269,0.23076923076923078,0.94840009787595,3,1,9,62,182937,5534,140,77,0,8,434.2760818004608,"{""44b6"": 0.9508982349275583, ""6bba"": 0.9428782347539846}","{""MOTION_RELINK_VELOCITY_WEIGHT"": 0.75}"
relaxed9,0.9266209665020595,0.21428571428571427,0.948049537930631,3,2,9,66,182923,5532,137,82,0,8,430.9505145549774,"{""44b6"": 0.9539284923491894, ""6bba"": 0.9421745865965845}","{""MOTION_RELINK_RELAXED_UM"": 9.0}"
minlen5,0.9247288878874643,0.23076923076923078,0.9478058109643874,3,1,9,61,185458,5535,139,77,0,8,436.23733282089233,"{""44b6"": 0.9492092226576025, ""6bba"": 0.9426688065643878}","{""OUTPUT_MIN_TRACK_LEN"": 5}"
t55_diverge150,0.9281959748271944,0.16666666666666666,0.9448626414938611,3,6,9,63,183006,5542,130,79,0,8,465.43731117248535,"{""44b6"": 0.9490980107017873, ""6bba"": 0.9408766208364999}","{""MOTION_RELINK_TIGHT_UM"": 5.5, ""SAFE_DIV_DIVERGE_UM"": 1.5}"
diverge150,0.9261370272507192,0.16666666666666666,0.9428036939173859,3,6,9,63,183009,5538,134,79,0,8,465.01787996292114,"{""44b6"": 0.9473029103834357, ""6bba"": 0.9387241778195438}","{""SAFE_DIV_DIVERGE_UM"": 1.5}"
